RegionID,SizeRank,RegionName,RegionType,StateName,2017-12-31,2018-01-31,2018-02-28,2018-03-31,2018-04-30,2018-05-31,2018-06-30,2018-07-31,2018-08-31,2018-09-30,2018-10-31,2018-11-30,2018-12-31,2019-01-31,2019-02-28,2019-03-31,2019-04-30,2019-05-31,2019-06-30,2019-07-31,2019-08-31,2019-09-30,2019-10-31,2019-11-30,2019-12-31,2020-01-31,2020-02-29,2020-03-31,2020-04-30,2020-05-31,2020-06-30,2020-07-31,2020-08-31
102001,0,United States,Country,"",5666.6667,5633.3333,5666.6667,6300.0,7000.0,7996.5,8663.1667,8663.1667,8121.8333,7621.8333,7288.5,6833.3333,6033.3333,5666.6667,5666.6667,6266.6667,6966.6667,7966.6667,8666.6667,8666.6667,8000.0,7333.3333,6666.6667,6200.0,5533.3333,5333.3333,5800.0,6507.1667,6707.1667,6673.8333,7296.5,8463.1667,9396.5
394913,1,"New York, NY",Msa,NY,13050.0,13016.6667,13350.0,14666.6667,15300.0,15633.3333,15666.6667,15366.6667,15033.0,15033.0,15033.0,15033.0,14666.3333,14333.0,14028.6667,14362.0,14728.6667,15066.6667,15266.6667,15233.3333,14866.6667,14666.6667,14666.6667,14966.6667,14300.0,14266.6667,14300.0,14966.6667,14266.6667,14266.6667,14266.6667,16666.6667,18333.3333
753899,2,"Los Angeles-Long Beach-Anaheim, CA",Msa,CA,19700.0,19700.0,19700.0,20000.0,20000.0,20000.0,20000.0,20000.0,19700.0,19700.0,19700.0,19704.0,18370.6667,18070.6667,18035.0,19368.3333,19668.3333,20000.0,20000.0,20000.0,20000.0,20000.0,20000.0,20000.0,20000.0,20000.0,22000.0,23667.0,23667.0,21667.0,21666.6667,23666.6667,27000.0
394463,3,"Chicago, IL",Msa,IL,5333.3333,5000.0,5333.3333,6333.3333,7966.6667,9000.0,9366.6667,8600.0,7566.6667,6700.0,6000.0,5666.6667,5166.6667,5033.3333,5333.3333,6166.6667,7466.6667,8500.0,9000.0,8333.3333,7333.3333,6333.3333,5700.0,5366.6667,5033.3333,5000.0,5500.0,6166.6667,6466.6667,6300.0,6635.0,7968.3333,9209.0
394514,4,"Dallas-Fort Worth, TX",Msa,TX,5333.3333,5366.6667,6166.6667,7166.6667,8007.6667,8507.6667,8174.5,7666.8333,6392.3333,5858.8333,5442.1667,5386.6667,5253.3333,5036.6667,5333.3333,5666.6667,6133.3333,6166.6667,6166.6667,5833.3333,5533.3333,5233.3333,5067.0,5033.6667,5000.3333,5000.0,5033.3333,5333.3333,5333.3333,5325.0,5358.3333,5691.6667,6000.0
394974,5,"Philadelphia, PA",Msa,PA,5500.0,5500.0,5667.0,5967.0,5967.0,7000.0,8300.0,8766.6667,8100.0,7800.0,8000.0,7833.3333,6833.3333,6300.0,6058.3333,6058.3333,6925.0,8291.6667,9325.0,8991.6667,8233.3333,8200.0,8433.3333,8233.3333,7233.3333,6766.6667,7766.6667,8800.0,8366.3333,7366.3333,7666.3333,9000.0,10000.0
394692,6,"Houston, TX",Msa,TX,8908.3333,8741.6667,8900.0,8933.3333,9400.0,9533.3333,9666.6667,9333.3333,8833.3333,8333.3333,8000.0,7666.6667,7303.3333,7044.3333,7044.3333,7241.0,7533.3333,7866.6667,8032.5,7499.1667,6832.5,5866.6667,5500.0,5500.0,5500.0,5400.0,5766.6667,6400.0,6866.6667,6637.1667,6803.8333,7303.8333,7500.0
395209,7,"Washington, DC",Msa,DC,10000.0,10000.0,10000.0,10000.0,10000.0,10000.0,10000.0,10000.0,10000.0,10000.0,10000.0,10000.0,10000.0,10000.0,10000.0,10000.0,10000.0,10000.0,10000.0,10000.0,10000.0,10000.0,10000.0,10000.0,10000.0,10000.0,10033.3333,10066.6667,10066.6667,10033.3333,10300.0,11966.6667,13300.0
394856,8,"Miami-Fort Lauderdale, FL",Msa,FL,10000.0,10000.0,10000.0,10000.0,10000.0,10000.0,10000.0,10000.0,10000.0,10000.0,10000.0,10000.0,10000.0,10000.0,10000.0,10000.0,10000.0,10000.0,10000.0,10000.0,10000.0,10000.0,10000.0,10000.0,10000.0,10000.0,10000.0,10000.0,10000.0,10000.0,10000.0,10000.0,10000.0
394347,9,"Atlanta, GA",Msa,GA,5833.3333,5666.6667,6000.0,7333.3333,8633.3333,9600.0,9766.6667,9133.3333,8165.8333,6999.1667,6332.5,5666.6667,5333.3333,5000.0,5000.0,5033.3333,5333.3333,5666.6667,6000.0,6033.3333,5733.3333,5366.6667,5033.3333,5000.0,5000.0,5000.0,5333.3333,6000.0,6333.3333,6333.3333,6466.6667,7466.6667,8466.6667
394404,10,"Boston, MA",Msa,MA,10400.0,10033.3333,10033.3333,11666.6667,13341.6667,15308.3333,15341.6667,15033.3333,13333.3333,13333.3333,13300.0,13033.3333,11366.6667,10033.3333,10000.0,11666.6667,13666.6667,15633.3333,15666.6667,15333.3333,14700.0,14666.6667,14666.6667,13666.6667,12000.0,10666.6667,12033.3333,14366.6667,15700.0,15766.6667,16766.6667,19766.6667,21333.3333
395057,11,"San Francisco, CA",Msa,CA,19667.0,18000.3333,18333.6667,22000.0,25666.6667,28666.6667,28666.6667,27333.3333,24166.6667,21166.6667,21833.3333,21966.6667,21633.3333,20300.0,20000.0,20033.3333,21366.6667,22700.3333,24000.3333,22667.0,21333.3333,20333.3333,20333.3333,20333.3333,18333.3333,17666.6667,17666.6667,22666.6667,23333.3333,25000.0,25000.0,28666.6667,30333.3333
394532,12,"Detroit, MI",Msa,MI,5050.0,5000.0,5000.0,5533.5,6400.1667,8033.5,9133.3333,9466.6667,8500.0,7200.0,6133.3333,5500.0,5166.6667,5033.3333,5000.0,5033.3333,5733.3333,7066.6667,8400.0,8666.6667,7696.0,6662.6667,5829.3333,5466.6667,5133.3333,5000.0,5000.0,5000.0,5000.0,5800.0,7433.3333,9100.0,9933.6667
395025,13,"Riverside, CA",Msa,CA,10000.0,10000.0,10000.0,10000.0,10000.0,10000.0,10000.0,10000.0,10000.0,9999.8333,9999.8333,9999.8333,10000.0,10000.0,10000.0,10000.0,10000.0,10000.0,10000.0,10000.0,10000.0,9667.0,9333.6667,9000.3333,9166.6667,9500.0,9833.3333,10000.0,10000.0,10000.0,10000.0,10000.0,10000.0
394976,14,"Phoenix, AZ",Msa,AZ,4666.6667,4666.6667,4666.6667,5000.0,5000.0,5000.0,5000.0,5000.0,5000.0,5000.0,5000.0,4967.0,4633.6667,4633.3333,4666.3333,4999.6667,5000.0,5000.0,5000.0,5000.0,5000.0,5000.0,5000.0,5000.0,5000.0,5000.0,5333.3333,6000.0,6000.0,5666.6667,5300.0,5633.3333,6000.0
395078,15,"Seattle, WA",Msa,WA,10358.0,10175.0,11841.6667,13483.3333,16666.6667,17083.3333,17116.6667,15450.0,15033.3333,15000.0,15000.0,15000.0,14333.3333,14000.0,14000.0,15000.0,15666.6667,16600.0,16600.0,16266.6667,15316.6667,14983.3333,14983.3333,14833.3333,13500.0,13500.0,15029.3333,18029.3333,18029.3333,17000.0,16850.0,18516.6667,19850.0
394865,16,"Minneapolis-St Paul, MN",Msa,MN,9366.6667,9400.0,9700.0,10000.0,10000.0,10000.0,10000.0,10000.0,10000.0,10000.0,10000.0,9966.6667,8633.3333,7966.6667,8000.0,9333.3333,10000.0,10000.0,10000.0,10000.0,10000.0,10000.0,9033.3333,7400.0,5733.3333,5366.6667,7000.0,8666.6667,10000.0,10000.0,10000.0,10000.0,10000.0
395056,17,"San Diego, CA",Msa,CA,13332.6667,13166.3333,13499.6667,14833.3333,16333.3333,16333.6667,16333.6667,15000.3333,14966.6667,14633.3333,14300.0,14000.0,13000.0,12300.0,11695.3333,12195.3333,12895.5,13833.5,14666.8333,15000.0,15000.0,14700.0,14700.0,14700.0,14700.0,14700.0,16366.6667,17000.0,17000.0,15333.3333,16333.3333,18000.0,19666.6667
395121,18,"St. Louis, MO",Msa,MO,5000.0,5000.0,5000.0,5000.0,5033.3333,5066.6667,5100.0,5099.6667,5066.3333,5033.0,5000.0,5000.0,5000.0,5000.0,5000.0,5000.0,5133.3333,5225.0,5258.3333,5158.3333,5100.0,5067.0,5033.6667,5000.3333,5000.0,5000.0,5000.0,5000.0,5000.0,5033.3333,5600.0,6588.0,7221.3333
395148,19,"Tampa, FL",Msa,FL,5000.0,5000.0,5000.0,5000.0,5003.3333,5036.6667,5070.0,5100.0,5066.6667,5033.3333,5000.0,5000.0,5000.0,5000.0,5000.0,5000.0,5000.0,5000.0,5000.0,5000.0,5000.0,5000.0,5000.0,5000.0,5000.0,5000.0,5000.0,5000.0,5000.0,5000.0,5000.0,5000.0,5000.0
394358,20,"Baltimore, MD",Msa,MD,9633.3333,8933.3333,8266.6667,8600.0,9300.0,10000.0,10000.0,10000.0,10000.0,10000.0,10000.0,9947.0,9280.3333,8613.6667,8336.6667,9003.3333,9670.0,10000.0,10000.0,10000.0,10000.0,10000.0,9966.6667,9658.3333,8325.0,7358.3333,7666.6667,9000.0,10000.0,10000.0,10000.0,10000.0,10000.0
394530,21,"Denver, CO",Msa,CO,10000.0,10000.0,10000.0,10000.0,10000.0,10000.0,10000.0,10000.0,10000.0,10000.0,10000.0,10000.0,9666.6667,9666.6667,9666.6667,10000.0,10000.0,10000.0,10000.0,10000.0,10000.0,10000.0,9966.6667,9966.6667,9600.0,9500.0,9500.0,9866.6667,10000.0,10000.0,10000.0,10000.0,10000.0
394982,22,"Pittsburgh, PA",Msa,PA,5000.0,5000.0,5000.0,5000.0,5033.3333,5200.0,5500.0,5600.0,5466.6667,5200.0,5066.6667,5033.3333,5000.0,5000.0,5000.0,5000.0,5033.3333,5100.0,5366.6667,5666.6667,5641.6667,5408.3333,5108.3333,5066.6667,5033.3333,5000.0,5033.3333,5333.3333,5350.0,6066.6667,6433.3333,7250.0,7300.0
394998,23,"Portland, OR",Msa,OR,10000.0,10000.0,10000.0,10000.0,10000.0,10000.0,10000.0,10000.0,10000.0,10000.0,10000.0,10000.0,10000.0,10000.0,10000.0,10000.0,10000.0,10000.0,10000.0,10000.0,10000.0,10000.0,10000.0,10000.0,9455.0,9455.0,9455.0,10000.0,10000.0,10000.0,10000.0,10033.3333,10033.3333
394458,24,"Charlotte, NC",Msa,NC,6300.0,5666.6667,6033.3333,7366.6667,8033.3333,8733.3333,8400.0,8233.3333,7200.0,6533.3333,6333.3333,6000.0,5633.3333,5000.0,5000.0,5033.3333,5333.3333,5666.6667,5966.6667,5700.0,5366.6667,5033.3333,5000.0,5000.0,5000.0,5000.0,5333.3333,5666.6667,5666.6667,5366.6667,5700.0,6700.0,8300.0
395045,25,"Sacramento, CA",Msa,CA,10000.0,10000.0,10000.0,10000.0,10000.0,10000.0,10000.0,10000.0,10000.0,10000.0,10000.0,10000.0,10000.0,10000.0,10000.0,10000.0,10000.0,10000.0,10000.0,10000.0,10000.0,10000.0,10000.0,10000.0,10000.0,10000.0,10000.0,10016.6667,10016.6667,10016.6667,10000.0,10033.3333,10366.3333
395055,26,"San Antonio, TX",Msa,TX,5000.0,5000.0,5000.0,5000.0,5000.0,5003.3333,5003.3333,5031.1667,5027.8333,5027.8333,5000.0,5000.0,5000.0,5000.0,5000.0,5000.0,5000.0,5000.0,5000.0,5000.0,5000.0,5000.0,5000.0,5000.0,5000.0,5000.0,5000.0,5000.0,5000.0,5000.0,5000.0,5000.0,5033.0
394943,27,"Orlando, FL",Msa,FL,5500.0,5200.0,5400.0,6033.3333,7000.0,7333.3333,7333.3333,6666.6667,6033.3333,5400.0,5100.0,5066.6667,5033.3333,5010.5,5043.8333,5077.1667,5100.0,5366.6667,5666.6667,5800.0,5833.3333,5700.0,5566.6667,5233.3333,5033.3333,5000.0,5033.3333,5700.0,5733.3333,5700.0,5100.6667,5100.6667,5434.0
394466,28,"Cincinnati, OH",Msa,OH,5000.0,5000.0,5000.0,5033.3333,5866.6667,7033.3333,7833.3333,7333.3333,6466.6667,5933.3333,5766.6667,5500.0,5200.0,5033.3333,5033.3333,5833.3333,7166.6667,8233.3333,8666.6667,8333.3333,7900.0,7000.0,6033.3333,5500.0,5200.0,5200.0,5733.3333,7033.3333,7333.3333,7633.3333,7666.6667,9000.0,9700.0
394475,29,"Cleveland, OH",Msa,OH,5033.3333,5033.3333,5000.0,5133.3333,5433.3333,5870.3333,6237.0,6270.3333,5966.6667,5500.0,5284.5,5151.1667,5117.8333,5000.0,5033.3333,5166.6667,5833.3333,6383.3333,6950.0,6616.6667,6333.3333,5666.6667,5366.6667,5066.6667,5033.3333,5000.0,5133.3333,5466.6667,5766.6667,6266.6667,6700.0,7766.6667,8116.6667
394735,30,"Kansas City, MO",Msa,MO,5033.3333,5000.0,5000.0,5166.6667,5650.0,6423.3333,6923.3333,6773.3333,6150.0,5816.6667,5516.6667,5400.0,5066.6667,5066.6667,5066.6667,5400.0,6008.3333,6641.6667,6808.3333,6666.6667,6033.3333,5750.0,5416.6667,5416.6667,5200.0,5066.6667,5366.6667,6183.3333,6316.6667,6550.0,7141.6667,8341.6667,9116.8333
394775,31,"Las Vegas, NV",Msa,NV,5066.6667,5166.6667,5466.6667,5650.0,6350.0,6350.0,6833.3333,6296.0,6062.6667,5396.0,5100.0,5000.0,4968.3333,4968.0,4968.0,4999.6667,5000.0,5000.0,5000.0,5000.0,5000.0,5000.0,5000.0,5000.0,5000.0,5000.0,5300.0,5633.3333,5633.3333,5333.3333,5000.0,5033.3333,5033.3333
394492,32,"Columbus, OH",Msa,OH,5000.0,5000.0,5016.6667,5050.0,6050.0,6700.0,7666.6667,7283.1667,6616.5,5616.5,5000.0,5000.0,5000.0,5000.0,5000.0,5033.3333,5366.6667,5700.0,6666.6667,6466.6667,6166.6667,5167.0,5033.6667,5000.3333,5000.0,5000.0,5033.3333,5035.0,5068.3333,5035.3333,5733.6667,6217.0,7550.0
394705,33,"Indianapolis, IN",Msa,IN,5000.0,5000.0,5000.0,5000.0,5033.3333,5333.3333,5366.6667,5366.6667,5066.6667,5033.3333,5000.0,5000.0,5000.0,5000.0,5000.0,5000.3333,5050.3333,5383.6667,5416.6667,5367.0,5033.6667,5000.3333,5000.0,5000.0,5000.0,5000.0,5000.0,5033.3333,5033.3333,5066.6667,5366.6667,5666.6667,6300.0
395059,34,"San Jose, CA",Msa,CA,11633.3333,13666.6667,22666.6667,34333.3333,39000.0,43333.3333,46962.6667,46296.0,39629.3333,36000.0,39333.3333,42648.0,39014.6667,29681.3333,23033.3333,28352.0,37981.3333,44648.0,41296.0,37333.3333,34000.0,32333.3333,30037.3333,28704.0,25741.1667,24037.1667,22037.1667,25233.3333,23866.6667,27200.0,30300.0,38333.3333,45000.0
394355,35,"Austin, TX",Msa,TX,6100.0,6000.0,6967.0,7300.3333,7967.3333,7167.0,7333.6667,7333.3333,7166.6667,6968.1667,6301.5,6301.5,5666.6667,5333.3333,5033.3333,5333.3333,5500.0,5800.0,5666.6667,5833.3333,5581.3333,5529.1667,5195.8333,5114.5,5000.0,5000.0,5109.1667,5775.8333,6037.8333,6262.0,6262.0,7333.3333,8666.6667
395194,36,"Virginia Beach, VA",Msa,VA,5000.0,5000.0,5000.0,5000.0,5000.0,5000.0,5000.3333,5000.6667,5000.6667,5000.3333,5000.0,5000.0,5000.0,5000.0,5000.0,5000.0,5000.0,5033.3333,5066.6667,5066.6667,5033.3333,5000.0,5000.0,5000.0,4976.1667,4976.1667,4976.1667,5000.0,5000.0,5000.0,5000.0,5000.0,5333.3333
394902,37,"Nashville, TN",Msa,TN,7666.6667,6966.6667,6966.6667,7233.3333,7296.6667,8146.6667,8913.3333,8883.3333,8033.3333,7291.6667,6425.0,5758.3333,5133.3333,5000.0,5030.0,5063.3333,5396.6667,5700.0,6000.0,6000.0,5700.0,5400.0,5200.0,5200.0,5166.6667,5033.3333,5666.6667,6000.0,6000.0,5363.3333,5363.3333,6263.3333,7604.8333
395005,38,"Providence, RI",Msa,RI,10000.0,10000.0,10000.0,10000.0,10000.0,10000.0,10000.0,10000.0,10000.0,10000.0,10000.0,10000.0,10000.0,9966.6667,9966.6667,9966.6667,10000.0,10000.0,10000.0,10000.0,10000.0,10000.0,10000.0,10000.0,10000.0,10000.0,10000.0,10000.0,10000.0,10000.0,10000.0,10033.3333,11366.6667
394862,39,"Milwaukee, WI",Msa,WI,5000.0,5000.0,5000.0,5033.3333,6033.3333,6866.6667,8500.0,8833.6667,8667.0,7300.3333,6300.0,5633.3333,5333.3333,5000.0,5333.3333,6333.3333,7300.0,8633.3333,9300.0,10000.0,9516.6667,8850.0,7850.0,6666.6667,5666.6667,5000.0,6066.6667,7433.3333,8450.0,9050.0,9350.0,10000.0,10000.0
394714,40,"Jacksonville, FL",Msa,FL,5000.0,5000.0,5000.0,5000.0,5000.0,5000.0,5000.0,5000.0,5000.0,5000.0,5000.0,5000.0,5000.0,5000.0,5000.0,5000.0,5000.0,5000.0,5000.0,5000.0,5000.0,5000.0,5000.0,5000.0,5000.0,5000.0,5000.0,5000.0,4966.6667,4966.6667,4966.6667,5000.0,5000.0
394849,41,"Memphis, TN",Msa,TN,5000.0,5000.0,5000.0,5000.0,5000.0,5000.0,5000.0,5000.0,5000.0,5000.0,5000.0,5000.0,5000.0,5000.0,5000.0,5000.0,5000.1667,5000.1667,5033.5,5066.6667,5066.6667,5033.3333,5000.0,5000.0,5000.0,5000.0,5000.0,5033.3333,5033.3333,5033.3333,5033.3333,5033.3333,5333.3333
394935,42,"Oklahoma City, OK",Msa,OK,4200.0,4000.0,4166.6667,4333.3333,4633.3333,4766.6667,4900.0,4933.3333,4933.3333,4966.6667,4933.0,4933.0,4799.6667,4533.3333,4533.3333,4666.6667,4966.6667,5000.0,5000.0,5000.0,5000.0,5000.0,5000.0,4966.6667,4466.6667,4300.0,4333.3333,4833.3333,4999.8333,4999.8333,4999.8333,5000.0,5000.0
394807,43,"Louisville-Jefferson County, KY",Msa,KY,5000.0,5000.0,5000.0,5000.0,5033.3333,5333.3333,5500.0,5616.6667,5350.0,5183.3333,5033.3333,5000.0,5000.0,5000.0,5000.0,5000.0,5300.0,5633.3333,5800.0,5533.3333,5200.0,5033.3333,5000.0,5000.0,5000.0,5000.0,5000.0,5000.0,5000.0,5001.0,5301.0,5634.3333,6066.6667
394669,44,"Hartford, CT",Msa,CT,10000.0,10000.0,10000.0,10000.0,10000.0,10000.0,10000.0,10000.0,10000.0,10000.0,10000.0,9966.6667,9966.6667,9300.0,8666.6667,8666.6667,9333.3333,10000.0,10000.0,10000.0,10000.0,10000.0,10000.0,9666.6667,9666.6667,9333.3333,9666.6667,9666.6667,10000.0,10000.0,10000.0,10000.0,10000.0
395022,45,"Richmond, VA",Msa,VA,5883.3333,5383.3333,5433.3333,5950.0,6916.6667,7866.6667,8333.3333,8333.3333,7666.6667,7466.6667,7133.3333,6633.3333,6066.6667,5416.6667,5283.3333,5383.3333,6458.3333,7758.3333,8258.3333,7983.3333,6983.3333,6300.0,5816.6667,5516.6667,5366.6667,5066.6667,5066.6667,5381.6667,5681.6667,6130.0,6481.6667,6815.0,7166.6667
394910,46,"New Orleans, LA",Msa,LA,6200.0,6000.0,6000.0,6333.3333,6666.6667,6608.3333,6608.3333,6491.8333,6550.1667,6350.1667,6466.6667,6466.6667,6000.0,5666.6667,5700.0,6033.3333,6675.0,6975.0,7308.3333,6783.3333,6450.0,6116.6667,5666.6667,5500.0,5500.0,5833.3333,6483.3333,6483.3333,6183.3333,5681.6667,6015.0,6981.6667,8300.0
394425,47,"Buffalo, NY",Msa,NY,5066.6667,5366.6667,5733.3333,6400.0,6400.0,7633.3333,7633.3333,8648.3333,7681.6667,7698.3333,7016.6667,6383.3333,5733.3333,5066.6667,5063.3333,5330.0,5363.3333,6333.3333,7700.0,9033.3333,9033.3333,8333.3333,7333.3333,6483.3333,5533.3333,5166.6667,5683.3333,6668.3333,8335.0,9001.6667,9633.3333,9633.3333,9966.6667
395012,48,"Raleigh, NC",Msa,NC,5466.6667,5133.3333,5033.3333,5700.0,6516.6667,6816.6667,6483.3333,5966.6667,5666.6667,5333.3333,5033.3333,5000.0,4933.3333,4933.3333,4933.3333,5000.0,5033.3333,5066.6667,5100.0,5066.6667,5033.3333,5000.0,5000.0,5000.0,5000.0,5000.0,5000.0,5033.3333,5033.3333,5066.6667,5700.0,6334.3333,6634.3333
394388,49,"Birmingham, AL",Msa,AL,5000.0,5000.0,5033.3333,5066.6667,5400.0,5783.3333,6050.0,6050.0,5800.0,5533.3333,5233.1667,5266.5,5233.1667,5233.3333,6000.0,6666.6667,7633.3333,8000.0,7916.6667,7666.6667,6666.6667,6083.3333,5333.3333,5000.0,5000.0,5000.0,5000.0,5033.3333,5366.6667,5700.0,7033.3333,7700.0,7850.0
395053,50,"Salt Lake City, UT",Msa,UT,8033.3333,7158.3333,7791.6667,8891.6667,9933.3333,9966.6667,10000.0,10000.0,10000.0,10000.0,9700.0,8366.6667,7033.3333,6000.0,5700.0,6400.0,7733.3333,9366.6667,9966.6667,9933.3333,9900.3333,9600.3333,8383.6667,7083.3333,5783.0,6033.0,7366.3333,9000.0,10000.0,10000.0,10000.0,10000.0,10000.0
395031,51,"Rochester, NY",Msa,NY,5000.0,5000.0,5000.0,5033.3333,5166.6667,5833.3333,6133.3333,6666.6667,6083.3333,5750.0,5116.6667,5033.3333,5033.3333,5000.0,5000.0,5316.6667,6983.3333,8300.0,9650.0,9483.3333,8500.0,7500.0,6033.3333,5733.3333,5066.6667,5033.3333,5333.3333,7000.0,8000.0,8333.3333,8333.3333,9000.0,10000.0
394640,52,"Grand Rapids, MI",Msa,MI,5133.3333,5033.3333,5066.6667,5366.6667,5916.6667,6883.3333,8250.0,9333.3333,9266.6667,8266.6667,7266.6667,6366.6667,6000.0,5333.3333,5300.0,5333.3333,7000.0,8666.6667,10000.0,10000.0,10000.0,9700.0,8333.3333,6666.6667,5300.0,5033.3333,6666.6667,7816.6667,7783.3333,7816.6667,8333.3333,10000.0,10000.0
395167,53,"Tucson, AZ",Msa,AZ,5000.0,5333.3333,5666.6667,6000.0,6300.0,6633.3333,6300.0,5700.0,5166.6667,5167.0,5300.3333,5500.3333,5833.3333,6000.0,5966.6667,5966.6667,6000.0,6033.3333,6000.0,5800.0,5500.0,5233.3333,5067.0,5033.6667,5000.3333,5000.0,5833.3333,6766.6667,6767.0,6267.0,6000.3333,7333.3333,7333.3333
753924,54,"Urban Honolulu, HI",Msa,HI,15000.1667,16666.8333,18333.3333,18333.3333,16666.6667,14666.6667,14666.6667,14666.6667,15000.0,15033.3333,15700.0,15700.0,15666.6667,15000.0,15000.0,15000.0,15000.0,15000.0,16333.3333,16583.3333,16916.6667,15750.0,17166.6667,18166.6667,19666.6667,20333.3333,22333.3333,22333.3333,20000.0,18333.3333,18333.3333,20000.0,21500.0
395169,55,"Tulsa, OK",Msa,OK,5000.0,5000.0,5000.0,5000.0,5000.0,5000.0,5000.0,5000.0,5000.0,5000.0,5000.0,5000.0,5000.0,5000.0,5000.0,5000.0,5000.0,5000.0,5000.0,5000.0,5000.0,5000.0,5000.0,5000.0,5000.0,5000.0,5033.3333,5033.3333,5033.3333,5000.0,5083.3333,5083.3333,5116.6667
394619,56,"Fresno, CA",Msa,CA,8850.0,7833.3333,7300.0,7300.0,8300.0,9001.8333,9001.8333,8660.1667,8425.0,8091.6667,8216.6667,7283.3333,6983.3333,6200.0,7033.3333,7250.0,7916.6667,8500.0,9250.0,9816.8333,9233.5,8566.8333,7666.6667,7000.0,6563.3333,6380.0,7398.6667,8502.0,8977.0,8503.3333,8470.8333,9179.1667,9967.5
395238,57,"Worcester, MA",Msa,MA,9666.6667,9700.0,10000.0,10000.0,10000.0,10000.0,10000.0,10000.0,10000.0,10000.0,10000.0,10000.0,9499.6667,9183.0,8183.0,8683.3333,9000.0,10000.0,10000.0,10000.0,10000.0,10000.0,10000.0,10000.0,9300.0,9300.0,9300.0,10000.0,10000.0,10000.0,10000.0,10000.0,10000.0
394415,58,"Stamford, CT",Msa,CT,16333.3333,14833.3333,16466.6667,18466.6667,19966.6667,20000.0,20000.0,19333.6667,17667.0,17667.0,18000.0,18333.3333,16666.6667,17000.0,18333.3333,20000.0,20000.0,20000.0,20000.0,18500.0,16833.3333,16833.3333,17333.3333,17333.3333,15333.3333,16333.3333,18000.0,20000.0,17000.0,15866.6667,15866.6667,18866.6667,20000.0
394312,59,"Albuquerque, NM",Msa,NM,5000.0,5000.0,5000.0,5000.0,5000.3333,5033.6667,5033.6667,5033.3333,5000.0,5000.0,5000.0,5000.0,5000.0,5000.0,5000.0,5000.0,5033.3333,5066.6667,5100.0,5150.0,5150.0,5117.0,5042.1667,5042.1667,5041.8333,5233.3333,5200.0,5200.0,5016.6667,5085.0,5751.6667,6235.0,6500.0
394308,60,"Albany, NY",Msa,NY,5800.0,5333.3333,5233.3333,6200.0,6733.3333,8033.3333,8066.6667,8900.0,8900.0,9066.6667,8200.0,7200.0,6833.3333,6466.6667,7100.0,6933.3333,7333.3333,7700.0,8683.3333,9316.6667,9350.0,8683.3333,7683.3333,6650.0,5666.6667,5333.3333,5333.3333,5666.6667,6768.3333,7435.0,8735.0,9300.0,9966.6667
394938,61,"Omaha, NE",Msa,NE,5000.0,5000.0,5000.6667,5034.0,5367.3333,5700.0,6000.0,6000.0,5833.3333,5516.6667,5183.3333,5016.6667,5000.0,5000.0,5000.0,5033.3333,5401.0,5734.3333,6034.3333,5733.3333,5875.0,5575.0,5541.6667,5066.6667,5033.3333,5000.0,5000.0,5033.3333,5033.3333,5366.6667,5700.0,6700.0,6700.0
394908,62,"New Haven, CT",Msa,CT,10000.0,10000.0,10000.0,10000.0,10000.0,10000.0,10000.0,10000.0,10000.0,10000.0,10000.0,10000.0,9999.6667,9999.6667,9966.6667,9967.0,9967.0,10000.0,10000.0,10000.0,10000.0,10000.0,10000.0,9666.6667,9666.6667,9666.6667,10000.0,10000.0,10000.0,10000.0,10000.0,10000.0,10000.0
394357,63,"Bakersfield, CA",Msa,CA,5033.6667,5003.6667,5337.0,5670.0,5682.5,5849.1667,6182.5,6466.6667,6300.0,5766.6667,5466.6667,5133.3333,5000.0,5000.3333,5033.6667,5050.3333,5383.3333,5683.3333,6000.0,6000.0,5700.0,5666.6667,5666.6667,5966.6667,5700.0,5366.6667,5700.1667,5700.1667,5700.1667,5033.3333,5750.1667,6083.5,7083.5
394753,64,"Knoxville, TN",Msa,TN,5000.0,5000.0,5000.0,5033.3333,5066.6667,5100.0,5100.0,5100.0,5066.6667,5033.3333,5000.0,5000.0,5000.0,5000.0,5000.0,5000.0,5300.0,5600.0,5933.3333,5666.6667,5666.6667,5333.3333,5300.0,5000.0,5000.0,5000.0,5000.0,5166.6667,5166.6667,5166.6667,5300.0,5633.3333,6000.0
394653,65,"Greenville, SC",Msa,SC,5000.3333,5000.0,5316.6667,5317.0,5350.3333,5067.0,5233.0,5232.6667,5232.6667,5066.3333,5066.6667,5033.3333,5033.3333,5000.0,5000.0,5016.6667,5350.0,5383.3333,5533.3333,5200.0,5166.6667,5000.0,5000.0,5000.0,5000.0,5000.0,5017.0,5017.0,5017.0,5000.0,5000.0,5000.0,5033.3333
394952,66,"Ventura, CA",Msa,CA,14000.0,14500.0,13150.1667,13850.1667,13700.1667,15016.6667,14650.0,14633.3333,14333.3333,14433.3333,13100.0,12466.6667,11033.3333,12033.3333,12666.6667,14000.0,14166.6667,14166.6667,14166.6667,14316.5,14316.6667,14650.0,14633.5,14800.0,14766.6667,16466.6667,19596.0,21296.0,19962.6667,17333.3333,15700.0,17033.3333,18366.6667
394318,67,"Allentown, PA",Msa,PA,5700.0,5700.0,5533.3333,5833.3333,6500.0,6833.3333,7466.6667,7466.6667,7766.6667,7366.6667,7333.3333,7296.0,7062.6667,6529.3333,6450.0,6783.3333,7200.0,7666.6667,8016.6667,8800.0,7983.3333,7966.6667,7000.0,7666.6667,7000.0,6666.6667,7000.0,7883.3333,9050.0,9083.3333,9533.3333,9400.0,9700.0
394561,68,"El Paso, TX",Msa,TX,4666.6667,4633.3333,4466.6667,4466.6667,4500.0,4666.6667,5000.0,4683.3333,4633.3333,4467.0,4750.3333,4800.3333,4966.6667,5000.0,5000.0,5000.0,5000.0,5000.0,5000.0,5000.0,5000.0,5000.0,5000.0,5000.0,4983.3333,4983.3333,4950.3333,4967.0,4967.0,5000.0,5000.0,5000.0,5033.0
394367,69,"Baton Rouge, LA",Msa,LA,5033.3333,5033.3333,5000.0,5000.0,5033.3333,5033.3333,5033.3333,5000.0,5000.0,5000.0,5000.0,5000.0,5000.0,5000.0,5000.0,5000.0,5000.0,5000.0,5000.0,5000.0,5000.0,5000.0,5000.0,5000.0,5000.0,4900.0,4566.6667,4566.6667,4666.6667,5000.0,5000.0,5000.0,5000.0
394521,70,"Dayton, OH",Msa,OH,4633.3333,4633.3333,4933.3333,4966.6667,4966.6667,5000.0,5000.0,5000.0,5000.0,5000.0,4975.0,4808.3333,4141.6667,3833.3333,3978.0,4644.6667,4978.0,5000.0,5000.0,5000.0,5000.0,5000.0,5000.0,5000.0,5000.0,5000.0,5000.0,5000.0,5000.0,5000.0,5000.0,5000.0,5000.0
394843,71,"McAllen, TX",Msa,TX,5466.6667,5666.6667,5666.6667,5333.3333,5000.0,5066.6667,5083.5,5083.5,5016.8333,5033.3333,5200.0,5200.0,5166.6667,5166.6667,5166.6667,5500.0,5666.6667,5666.6667,5466.6667,5466.6667,5633.3333,6166.6667,6133.3333,6000.0,5366.6667,5100.0,5400.0,5700.0,5966.6667,5633.3333,5333.3333,5116.6667,5283.3333
394486,72,"Columbia, SC",Msa,SC,5000.0,5000.0,5000.0,5000.0,5000.0,5000.0,5000.0,5000.0,5000.0,5000.0,5000.0,5000.0,5000.0,5000.0,5000.0,5000.0,5000.0,5000.0,5000.0,5000.0,5000.0,5000.0,4968.3333,4968.3333,4968.3333,5000.0,5000.0,5000.0,4746.6667,4746.6667,4746.6667,5000.0,5000.0
394648,73,"Greensboro, NC",Msa,NC,5000.0,5000.0,5000.0,5000.0,5033.3333,5066.6667,5066.6667,5033.3333,5033.3333,5033.3333,5033.3333,5000.0,5000.0,5000.0,5000.0,5000.0,5166.6667,5166.6667,5200.0,5066.6667,5066.6667,5033.3333,5000.0,5000.0,5000.0,5000.0,5000.0,5000.0,4966.6667,5000.0,5150.0,5683.3333,5683.3333
394304,74,"Akron, OH",Msa,OH,5000.0,5000.0,5000.0,5000.0,5000.0,5000.0,5166.6667,5333.3333,5333.3333,5166.6667,5000.0,5000.0,5000.0,5000.0,5000.0,5000.0,5000.0,5333.3333,5700.0,6000.0,6000.0,5833.3333,5666.6667,5333.3333,5133.3333,5000.0,5000.0,5033.3333,5033.3333,6000.0,6633.3333,7633.3333,8033.3333
753906,75,"North Port-Sarasota-Bradenton, FL",Msa,FL,9266.6667,9266.6667,9233.3333,9533.3333,9533.3333,9366.6667,9033.3333,9333.3333,8884.1667,8050.8333,7384.1667,7333.3333,7800.0,8466.6667,9166.6667,9866.6667,9733.3333,9533.3333,8716.6667,8050.0,7383.3333,6833.3333,6633.3333,6266.6667,6633.6667,7300.3333,8634.0,8947.0,7947.0,6346.6667,5533.3333,5866.6667,6533.3333
394798,76,"Little Rock, AR",Msa,AR,5000.0,5000.0,5000.0,5000.0,5000.0,5000.0,5000.0,5000.0,5000.0,5000.0,5000.0,5000.0,5000.0,5000.0,5000.0,5000.0,5000.0,5000.0,5000.0,5000.0,5000.0,5000.0,5000.0,5000.0,5000.0,5000.0,5000.0,5000.0,5000.0,5000.0,5000.0,5000.0,5000.0
395134,77,"Stockton, CA",Msa,CA,9316.6667,9018.6667,9035.3333,9168.6667,9466.6667,9466.6667,10000.0,10000.0,10000.0,10000.0,10000.0,10000.0,9000.0,9000.0,9000.0,10000.0,10000.0,10000.0,10000.0,10000.0,10000.0,10000.0,10000.0,10000.0,10000.0,10000.0,10000.0,10000.0,9775.0,9458.3333,9458.3333,9683.3333,10000.0
394457,78,"Charleston, SC",Msa,SC,5035.1667,5200.0,5166.6667,5180.8333,5047.5,5080.8333,5233.3333,5200.3333,5200.3333,5033.6667,5066.6667,5033.3333,5033.3333,5000.0,5000.0,5033.3333,5333.3333,5666.6667,5666.6667,5366.6667,5033.3333,5000.0,5033.3333,5066.6667,5066.6667,5033.3333,5333.3333,5366.6667,5366.6667,5033.3333,5000.3333,5000.5,5500.5
395143,79,"Syracuse, NY",Msa,NY,5000.0,5000.0,5000.0,5000.0,5000.0,5000.0,5633.3333,5633.3333,5633.3333,5000.0,5000.0,5000.0,5000.0,5000.0,5000.0,5000.0,5000.1667,5000.5,5033.8333,5067.0,5100.0,5100.0,5066.6667,5033.3333,5000.0,5000.0,5000.0,5000.0,5666.6667,5850.0,6483.3333,7133.3333,8616.6667
394484,80,"Colorado Springs, CO",Msa,CO,7033.3333,7200.0,8500.0,9500.0,9700.0,10033.3333,10033.3333,10000.0,10000.0,9833.3333,9833.3333,8500.0,7333.3333,7333.3333,8000.0,9000.0,9000.0,9666.6667,10000.0,10000.0,10000.0,9999.6667,9999.6667,9166.3333,8166.6667,8166.6667,9000.0,10333.3333,10333.3333,10333.3333,10000.0,10000.0,10070.3333
395235,81,"Winston-Salem, NC",Msa,NC,5000.0,5033.3333,5033.6667,5300.3333,5300.3333,5333.3333,5081.8333,5081.8333,5048.5,5066.6667,5033.3333,5033.3333,5000.0,5000.0,5016.8333,5050.1667,5350.1667,6000.0,6500.0,6233.3333,5900.0,5400.0,5400.0,5100.0,5200.0,5167.5,5534.1667,5750.8333,6050.0,5683.3333,6333.3333,6700.0,6666.6667
395224,82,"Wichita, KS",Msa,KS,5000.0,5000.0,5000.0,5000.0,5000.0,5000.0,5000.0,5000.0,5000.0,5000.0,5000.0,5000.0,5000.0,5000.0,5000.0,5000.0,5000.0,5000.0,5000.0,5000.0,5000.0,5000.0,5000.0,5000.0,5000.0,5000.0,5000.0,5000.0,5000.0,5000.0,5033.3333,5033.6667,5067.0
395115,83,"Springfield, MA",Msa,MA,5300.0,5000.0,5033.3333,6366.6667,7200.1667,8833.5,9166.8333,9500.0,8833.3333,7833.3333,7466.6667,6629.0,6295.6667,5496.5,5334.1667,5250.6667,5616.5,6599.8333,7966.6667,9153.8333,9837.1667,9753.8333,9050.0,7716.6667,6183.3333,5666.3333,6033.0,7699.6667,7700.0,7633.3333,6966.6667,8300.0,9333.3333
394440,84,"Fort Myers, FL",Msa,FL,5666.6667,6366.6667,7166.6667,7166.6667,6700.0,5866.6667,5833.3333,5467.0,5300.3333,5000.3333,5033.3333,5066.6667,5400.0,5533.3333,5833.3333,6133.3333,6100.0,5800.0,5166.6667,5033.3333,5000.0,5000.0,5000.0,5000.0,5000.0,5300.0,6133.3333,6503.3333,6203.3333,5403.3333,5333.3333,5333.3333,5302.0
394399,85,"Boise City, ID",Msa,ID,5033.3333,5000.0,5033.3333,5366.6667,6233.3333,6401.6667,7401.6667,6535.0,6666.6667,5366.6667,5416.6667,5083.3333,5050.0,5000.0,5000.0,5000.0,5033.3333,6079.3333,6379.3333,6494.3333,6115.0,6148.3333,6033.3333,5366.6667,5033.3333,5000.0,5000.0,5000.0,5325.3333,5625.3333,6958.6667,7966.6667,9333.3333
395160,86,"Toledo, OH",Msa,OH,5000.0,5000.0,5000.0,5000.0,5000.0,5000.0,5000.0,5000.0,5000.0,5000.0,5000.0,5000.0,5000.0,5000.0,5000.0,5000.0,5000.0,5000.0,5033.3333,5033.3333,5033.3333,5000.0,5000.0,5000.0,5000.0,5000.0,5000.0,5000.0,5000.0,5000.0,5633.3333,5933.3333,5966.6667
394816,87,"Madison, WI",Msa,WI,8183.3333,7933.3333,8266.6667,8716.6667,9633.3333,9966.6667,10000.0,10000.0,10000.0,10000.0,10000.0,10000.0,10000.0,9966.6667,9966.6667,9966.6667,10000.0,10000.0,10000.0,10000.0,10000.0,10000.0,9700.0,8500.0,7866.6667,8166.6667,9366.6667,10000.0,10000.0,10000.0,10000.0,10000.0,10000.0
394766,88,"Lakeland, FL",Msa,FL,5000.0,5000.0,5000.0,5000.0,5000.0,5000.0,5000.0,5000.0,5000.0,5000.0,5000.0,5000.0,5000.0,5000.0,5000.0,5000.0,5000.0,5000.0,5000.0,5000.0,5000.0,5000.0,5000.0,5000.0,5000.0,5000.0,5000.0,5000.0,5000.0,5000.0,5000.0,5000.0,5000.0
394931,89,"Ogden, UT",Msa,UT,6000.0,5066.6667,5901.6667,7235.0,8835.0,9600.0,9933.3333,9666.6667,8366.6667,6866.6667,5800.0,5800.0,5633.3333,5366.6667,5066.6667,5400.0,5666.6667,5966.6667,6600.0,6633.3333,6650.0,5750.0,5716.6667,5400.0,5333.3333,5033.3333,5875.0,7208.3333,7875.0,8000.0,8300.0,9300.0,9966.6667
394528,90,"Daytona Beach, FL",Msa,FL,5033.1667,5000.0,5033.3333,5166.6667,5300.0,5300.0,5200.0,5200.0,5166.6667,5133.3333,5000.0,5000.0,5000.0,5000.0,5000.0,5000.0,5033.3333,5066.6667,5100.0,5066.6667,5033.3333,5000.0,5000.0,5000.0,5000.0,5000.0,5079.8333,5113.1667,5113.1667,5033.3333,5000.0,5000.0,5016.6667
394531,91,"Des Moines, IA",Msa,IA,5000.0,5000.0,5000.0,5000.0,5000.0,5000.0,5000.0,5000.0,5000.0,5000.0,5000.0,5000.0,5000.0,5000.0,5000.0,5000.0,5000.0,5000.0,5000.0,5000.0,5000.0,5000.0,5000.0,5000.0,4800.0,4800.0,4800.0,5000.0,5000.0,5000.0,5000.0,5000.0,5000.0
394711,92,"Jackson, MS",Msa,MS,5000.0,5000.0,5000.0,5000.0,5000.0,5000.0,5000.1667,5000.1667,5000.1667,5000.0,5000.0,5000.0,5000.0,5000.0,5000.0,5000.0,5000.0,5000.0,5000.0,5000.0,5000.0,5000.0,5000.0,5000.0,4966.6667,4966.6667,4966.6667,5012.0,5012.0,5012.0,5000.0,5033.3333,5066.6667
394352,94,"Augusta, GA",Msa,GA,5000.0,5000.0,5000.0,5033.3333,5033.3333,5033.3333,5000.0,5000.0,5033.3333,5033.3333,5033.3333,5000.0,5000.0,5000.0,5000.0,5016.6667,5016.6667,5016.6667,5000.0,5000.0,5000.0,5000.0,5000.0,5000.0,5000.0,5000.0,5033.3333,5033.3333,5033.3333,5000.0,5333.3333,5333.3333,5333.3333
394666,96,"Harrisburg, PA",Msa,PA,5033.3333,5000.0,5030.0,5030.0,5030.0,5000.0,5000.0,5000.0,5000.0,5033.3333,5066.6667,5066.6667,5033.3333,5000.0,5000.0,5033.3333,5166.6667,5166.6667,5466.6667,5366.6667,5400.0,5100.0,5066.6667,5066.6667,5033.3333,5033.3333,5150.0,5483.3333,6483.3333,6333.3333,6666.6667,6333.3333,6666.5
395006,100,"Provo, UT",Msa,UT,5600.0,5850.0,6650.0,8316.6667,9700.0,9700.0,9700.0,9333.3333,9200.0,7866.6667,6566.6667,5366.6667,5033.3333,5033.3333,5000.0,5000.3333,5000.3333,5667.0,6000.0,6333.3333,6166.6667,6133.3333,5800.0,5300.0,5000.0,5086.0,5146.6667,6185.6667,6133.0,6572.3333,7166.6667,7466.6667,8633.3333
394549,104,"Durham, NC",Msa,NC,7566.6667,6616.8333,7300.1667,8100.1667,9350.0,10000.0,10000.0,10000.0,10000.0,9966.6667,9201.6667,7535.0,5901.6667,5000.0,5000.0,6351.6667,8018.3333,9685.0,10000.0,9000.0,8000.0,6633.3333,6000.0,5333.3333,5033.3333,5000.0,5333.3333,6666.6667,6700.0,7700.0,6700.0,8333.3333,8666.6667
394995,119,"Port St. Lucie, FL",Msa,FL,5400.0,5700.0,6000.0,5966.6667,5966.6667,5700.0,5366.6667,5066.6667,5033.3333,5033.3333,5000.0,5033.3333,5166.6667,5466.6667,5766.6667,5966.6667,6000.0,5966.6667,5666.6667,5333.3333,5033.3333,5000.0,5000.0,5000.0,5000.1667,5300.1667,6133.5,6823.1667,6556.1667,6056.0,6366.1667,7083.3333,7083.5
395183,124,"Vallejo, CA",Msa,CA,10000.0,10000.0,10000.0,10000.3333,10000.3333,10000.3333,10000.0,10000.0,10000.0,10000.0,10000.0,10000.0,10000.0,10000.0,10000.0,9666.6667,9666.6667,9666.6667,10000.0,10000.0,10000.0,10000.0,9666.8333,9666.8333,9666.8333,10000.0,10000.0,10000.0,10000.0,10000.0,10000.0,10000.0,10000.0
394746,128,"Killeen, TX",Msa,TX,4966.8333,4716.8333,4750.0,4750.0,5000.0,5000.0,5000.0,5000.0,5000.0,5000.0,5000.0,5000.0,5000.0,5000.0,5000.0,5000.0,5000.0,5000.0,5000.0,5000.0,5000.0,5000.0,5000.0,5000.0,4833.3333,4833.3333,4833.3333,5000.0,5000.0,5000.0,5016.0,5049.3333,5049.3333
395048,132,"Salem, OR",Msa,OR,8050.0,8200.0,8333.3333,10000.0,10000.0,10000.0,10000.0,10000.0,10000.0,9966.6667,9933.3333,9600.0,9466.6667,9500.0,9066.6667,7600.0,6300.0,6216.6667,7483.3333,8616.6667,9300.0,8666.6667,7833.3333,6666.6667,6666.6667,6333.3333,6666.6667,7666.6667,8500.1667,9500.1667,9275.1667,8775.0,8775.0
394927,149,"Ocala, FL",Msa,FL,5000.5,5000.3333,5033.6667,5186.6667,5486.6667,5453.3333,5333.3333,5033.3333,5033.3333,5000.0,5000.0,5000.0,5000.0,5000.0,5000.0,5000.0,5000.0,5000.0,5000.0,5000.0,5000.3333,5000.3333,5000.3333,5000.0,5000.0,5000.0,5000.0,5000.0,5000.0,5000.0,5000.0,5000.0,5000.0
394602,159,"Fort Collins, CO",Msa,CO,8833.3333,8800.0,8716.6667,9550.0,9583.3333,10000.0,10000.0,10000.0,10000.0,10000.0,10000.0,10000.0,9000.0,9000.0,7666.6667,8566.6667,8550.0,9583.3333,9477.5,9160.8333,8627.5,8466.6667,8044.1667,8544.1667,7577.5,7250.0,6916.6667,8250.0,8615.8333,8949.1667,8949.1667,9666.6667,9966.6667
394405,162,"Boulder, CO",Msa,CO,12666.6667,12500.0,15833.3333,16666.6667,18500.0,18166.6667,18333.3333,16333.3333,15183.3333,14833.1667,15133.1667,13283.1667,12200.0,12233.3333,13900.0,13333.3333,13516.6667,12716.6667,14350.0,14166.6667,13966.6667,14000.0,12633.3333,11966.6667,10300.0,10000.0,11333.3333,14666.6667,14666.6667,15383.3333,15050.0,18383.3333,19666.6667
394471,172,"Clarksville, TN",Msa,TN,5000.0,5000.0,5000.0,5000.0,5000.0,5000.0,5000.0,5000.0,5000.0,5000.0,5000.0,4916.6667,4916.6667,4916.6667,5000.0,4991.6667,4991.6667,4991.6667,5000.0,5000.0,5000.0,5000.0,5000.0,5000.0,4966.6667,4966.6667,4966.6667,5000.0,5000.0,5000.0,5000.0,5000.0,5666.6667
394645,177,"Greeley, CO",Msa,CO,8583.3333,8566.6667,8600.0,9233.3333,9316.6667,9650.0,9683.3333,9666.6667,9666.6667,8700.0,8450.1667,7105.1667,7105.1667,6855.0,6700.0,6466.6667,6983.3333,8183.3333,8716.6667,7866.6667,7166.6667,6500.0,6333.3333,5700.0,5400.0,6066.6667,6828.3333,8328.3333,7828.5,7700.1667,6711.8333,7278.3333,8278.3333
394813,189,"Macon-Bibb County, GA",Msa,GA,5233.3333,6633.3333,6566.6667,6566.6667,5350.0,5316.6667,5650.0,5800.0,5966.6667,5950.0,5483.3333,5316.6667,5333.3333,5365.0,5398.3333,5165.0,5165.0,5131.6667,5031.6667,5033.3333,5050.1667,5050.1667,5016.8333,5000.0,5000.0,5166.6667,5200.0,5216.6667,4625.0,4758.3333,4775.0,5200.0,5366.6667
394346,220,"Athens, GA",Msa,GA,5300.0,5633.3333,7267.0,8667.0,9450.3333,7816.6667,7283.3333,7166.6667,7833.3333,7333.3333,7000.0,6333.3333,6000.0,5033.3333,5035.0,5035.0,6535.0,8200.0,9200.0,7666.6667,6000.0,5033.3333,5366.6667,5366.6667,5333.3333,6441.6667,8108.3333,8567.8333,8492.8333,8176.1667,8716.6667,9016.6667,9333.3333
394623,229,"Gainesville, GA",Msa,GA,7083.3333,8416.6667,7716.6667,7133.3333,5800.0,6150.0,6416.6667,6750.0,6416.6667,6300.0,7600.0,6933.3333,6633.3333,5000.0,5000.0,5033.3333,5866.6667,6166.6667,6800.0,6000.0,6700.0,6200.0,6166.6667,5166.6667,5000.0,5000.0,5033.3333,5033.3333,5266.6667,5233.3333,5233.3333,5033.3333,5700.0
395246,244,"Yuba City, CA",Msa,CA,7216.6667,7351.6667,6851.6667,8485.0,8466.6667,8800.0,8466.6667,8033.3333,8200.0,8200.1667,7166.8333,7500.1667,7166.6667,8833.3333,9333.3333,9333.3333,9333.3333,9333.3333,10000.0,9166.3333,8166.3333,7416.3333,6916.6667,7750.0,7166.6667,8500.0,8502.0,9168.6667,8835.3333,8700.0,8016.6667,6683.3333,6983.3333
395009,251,"Punta Gorda, FL",Msa,FL,5700.0,6000.0,5966.6667,5933.3333,5766.6667,5600.0,5341.6667,5475.0,5341.8333,5633.5,5666.8333,6500.0,6850.0,7183.3333,6686.6667,6670.0,6336.6667,6083.3333,5416.6667,5383.3333,5466.6667,5500.0,5200.0,5033.3333,5300.0,5633.3333,6266.6667,6633.3333,6633.3333,6733.3333,6383.3333,6050.0,5650.0
395007,253,"Pueblo, CO",Msa,CO,5000.0,5000.0,5033.3333,5433.3333,5766.6667,5900.0,6333.3333,6666.6667,6533.3333,5700.0,5033.6667,5000.3333,5333.6667,5333.3333,5333.3333,5033.3333,5058.3333,5091.6667,5091.6667,5100.0,5066.6667,5033.3333,5033.3333,5033.3333,5116.6667,5083.3333,5083.3333,5033.3333,5066.6667,5066.6667,6666.6667,7600.0,8416.6667
395094,331,"Sherman, TX",Msa,TX,4650.0,5016.6667,6700.0,7066.6667,7700.0,6033.3333,5835.5,5468.8333,5802.1667,6300.0,5666.6667,5333.3333,5016.6667,5250.0,5283.3333,5266.6667,5366.6667,5366.6667,5400.0,5383.3333,5666.6667,5633.3333,5316.6667,5033.3333,5033.3333,5033.3333,5300.0,5300.0,5300.0,5000.0,5033.3333,5700.0,5733.3333
394546,343,"Dunn, NC",Msa,NC,4500.0,4499.8333,4499.8333,4999.5,4966.5,4966.5,4966.8333,5000.0,5000.0,5000.0,5000.0,4833.3333,4133.3333,4006.1667,4172.8333,4872.8333,5000.0,5000.0,5000.0,5000.0,5000.0,5000.0,5000.0,4983.3333,4983.3333,4966.6667,4983.3333,4983.3333,5000.0,5000.0,5000.0,5166.6667,5166.6667
395166,383,"Truckee, CA",Msa,CA,14966.6667,16616.6667,16283.3333,14316.6667,12666.6667,13666.6667,15300.0,15665.8333,15357.5,15024.1667,14858.3333,13966.6667,12966.6667,13050.0,12583.3333,12583.3333,12250.0,13616.6667,16616.6667,16700.0,17333.3333,16000.0,16300.0,15633.3333,15300.0,13650.0,12316.6667,10650.0,10583.3333,10483.3333,10900.0,10650.0,13416.6667
395153,399,"The Villages, FL",Msa,FL,9275.5,7942.1667,7300.0,5800.0,5466.6667,5633.3333,5800.0,7466.6667,8016.6667,8016.6667,7016.6667,6333.3333,6033.3333,5666.6667,6166.6667,6800.0,6833.3333,7500.0,8166.6667,7833.3333,6666.6667,5633.3333,6266.6667,6266.6667,6383.3333,7116.6667,7783.3333,7400.0,6366.6667,5366.6667,5366.3333,6116.3333,6149.6667
394586,504,"Faribault, MN",Msa,MN,9000.0,9300.0,11633.3333,12333.3333,10666.6667,10000.0,8333.3333,10000.0,9333.3333,8000.0,7000.0,6650.0,7000.0,6333.3333,7050.0,8033.3333,8366.6667,8233.1667,6899.8333,7366.5,7800.0,7783.3333,7100.0,5600.0,5583.3333,5466.6667,5700.0,7066.6667,8416.6667,9333.3333,9333.3333,8316.3333,7599.6667
394309,527,"Albemarle, NC",Msa,NC,5333.3333,5491.6667,4858.3333,5691.6667,6900.0,8866.6667,8116.6667,6767.5,5100.8333,5817.5,5800.0,7466.6667,6666.6667,6666.6667,5183.3333,5183.3333,5183.3333,5083.3333,5083.3333,5216.6667,5166.6667,5166.6667,5033.3333,5333.3333,5566.6667,6901.6667,6568.3333,6335.0,5000.0,5333.3333,5516.6667,5850.0,6616.6667
394742,595,"Kerrville, TX",Msa,TX,10033.3333,10366.6667,10333.3333,10033.3333,9700.0,11033.3333,11633.3333,11633.3333,10466.6667,10166.6667,10166.6667,10000.0,10131.8333,10365.1667,10831.8333,10733.3333,10500.0,11699.6667,11816.3333,11816.3333,10150.0,10000.0,10333.3333,10333.3333,10333.3333,10000.0,11400.0,11400.0,11400.0,10000.0,11583.3333,13916.6667,14733.1667
395091,641,"Shelbyville, TN",Msa,TN,5033.3333,5000.0,4816.6667,5450.0,5450.0,6433.3333,5800.0,7300.0,6750.0,6750.0,5259.3333,5009.3333,4992.6667,4983.3333,5116.6667,5300.1667,6666.8333,6566.8333,7416.5,6349.8333,6316.5,5300.0,5000.0,5516.6667,5516.6667,5550.0,6566.6667,6566.6667,6566.6667,5066.6667,5100.0,5300.0,5308.3333
395230,672,"Wilmington, OH",Msa,OH,6483.3333,5783.3333,3583.3333,3283.3333,4616.6667,5066.6667,5700.0,5375.0,5708.3333,5375.0,5516.6667,5550.0,5633.3333,5150.0,5083.3333,5000.0,4333.3333,4333.3333,4916.6667,5705.8333,7372.5,6789.1667,7000.0,5333.3333,6066.6667,5750.0,7283.3333,6550.0,8200.0,7500.0,7500.0,5833.3333,5333.3333
